101,กระบี่
102,กรุงเทพมหานคร
103,กาญจนบุรี
104,กาฬสินธุ์
105,กำแพงเพชร
106,ขอนแก่น
107,จันทบุรี
108,ฉะเชิงเทรา
109,ชลบุรี
110,ชัยนาท
111,ชุมพร
112,เชียงราย
113,เชียงใหม่
114,ตรัง
115,ตราด
116,ตาก
117,นครนายก
118,นครปฐม
119,นครพนม
120,นครราชสีมา
121,นครศรีธรรมราช
122,นครสวรรค์
123,นนทบุรี
124,นราธิวาส
125,น่าน
126,บุรีรัมย์
127,ปทุมธานี
128,ประจวบคีรีขันธ์
129,ปราจีนบุรี
130,ปัตตานี
131,พระนครศรีอยุธยา
132,พะเยา
133,พังงา
134,พัทลุง
135,พิจิตร
136,พิษณุโลก
137,เพชรบุรี
138,เพชรบูรณ์
139,แพร่
140,ภูเก็ต
141,มหาสารคาม
142,มุกดาหาร
143,แม่ฮ่องสอน
144,ยโสธร
145,ยะลา
146,ร้อยเอ็ด
147,ระยอง
148,ราชบุรี
149,ลพบุรี
150,ลำปาง
151,ลำพูน
152,เลย
153,ศรีสะเกษ
154,สกลนคร
155,สงขลา
156,สตูล
157,สมุทรปราการ
158,สมุทรสาคร
159,สระแก้ว
160,สระบุรี
161,สิงห์บุรี
162,สุโขทัย
163,สุพรรณบุรี
164,สุราษฎร์ธานี
165,สุรินทร์
166,หนองคาย
167,หนองบัวลำภู
168,อ่างทอง
169,อำนาจเจริญ
170,อุดรธานี
171,อุตรดิตถ์
172,อุทัยธานี
173,อุบลราชธานี
174,ชัยภูมิ
175,สมุทรสงคราม
176,ระนอง
